epoch,step,train_loss
0,49,0.07951617240905762
0,99,0.040655430406332016
